Player,Year,Team,Region,reg_avg,reg_n,intl_avg,intl_n
2GE,2025,Team Secret,PAC,3.2,5,4.5,2
AAAAY,2026,FunPlus Phoenix,CN,7.8,5,6.0,3
ANGE1,2024,Natus Vincere,EMEA,4.5,12,5.0,3
ANGE1,2025,Natus Vincere,EMEA,4.882352941176471,17,3.0,2
Abo,2026,Titan Esports Club,CN,4.625,8,8.25,4
Absol,2026,ZETA DIVISION,PAC,7.8,5,4.25,4
Adverso,2025,KR Esports,?,3.0833333333333335,12,6.6,5
Akame,2025,Detonation FocusMe,PAC,5.454545454545454,11,6.25,4
Akame,2026,Detonation FocusMe,PAC,8.0,6,6.285714285714286,7
Akeman,2025,Dragon Ranger Gaming,CN,7.444444444444445,9,5.0,2
Alfajer,2024,FNATIC,EMEA,9.31578947368421,19,7.5,10
Alfajer,2026,FNATIC,EMEA,9.857142857142858,7,12.428571428571429,7
Alym,2026,FURIA,AMER,7.714285714285714,7,9.0,6
Anthem,2024,DetonatioN FocusMe,PAC,3.1,10,1.0,2
Apoth,2024,Evil Geniuses,AMER,3.8,10,7.0,2
Art,2025,Detonation FocusMe,PAC,0.4,5,5.0,4
Artzin,2025,MIBR,AMER,6.285714285714286,14,6.857142857142857,14
Ash,2025,Gen.G,PAC,7.866666666666666,15,7.0,5
Ash,2026,Gen.G,PAC,7.5,4,6.25,4
Asuna,2024,100 Thieves,AMER,7.117647058823529,17,6.0,6
Asuna,2025,100 Thieves,AMER,7.0,16,9.0,3
Asuna,2026,100 Thieves,AMER,6.888888888888889,9,5.5,8
AtaKaptan,2024,FUT Esports,EMEA,5.933333333333334,15,6.2727272727272725,11
AtaKaptan,2025,FUT Esports,EMEA,6.25,8,5.75,4
Autumn,2026,Global Esports,PAC,6.222222222222222,9,11.0,6
Avez,2025,Karmine Corp,EMEA,9.416666666666666,12,9.666666666666666,3
Avez,2026,Karmine Corp,EMEA,3.2,5,6.75,4
Avova,2025,Apeks,?,3.5,10,4.0,2
BABYBAY,2026,G2 Esports,AMER,9.5,10,8.666666666666666,12
BORKUM,2024,Team Secret,PAC,6.142857142857143,7,6.0,5
Bao,2026,Evil Geniuses,AMER,3.2,5,6.6,5
BeYN,2024,DRX,PAC,7.3125,16,7.0,5
BeYN,2025,DRX,PAC,7.0,8,7.333333333333333,15
Benjyfishy,2026,Team Heretics,EMEA,8.909090909090908,11,8.0,6
Benkai,2024,Global Esports,PAC,3.9,10,3.6666666666666665,3
BerLin,2026,FunPlus Phoenix,CN,3.8,5,2.6666666666666665,3
BerserX,2025,BOOM Esports,?,6.833333333333333,12,8.0,2
BerserX,2026,Team Secret,PAC,4.0,5,3.3333333333333335,3
Beyn,2026,DRX,PAC,5.0,8,6.666666666666667,6
BianK,2025,Trace Esports,CN,4.5,6,0.5,2
Boaster,2024,FNATIC,EMEA,5.315789473684211,19,3.2,10
Boaster,2025,FNATIC,EMEA,6.117647058823529,17,5.705882352941177,17
Boaster,2026,FNATIC,EMEA,6.0,7,4.428571428571429,7
Boo,2024,Team Heretics,EMEA,6.0,17,7.3478260869565215,23
Boo,2025,Team Heretics,EMEA,5.9375,16,3.3636363636363638,11
Boo,2026,Team Heretics,EMEA,8.090909090909092,11,5.0,6
Boostio,2024,100 Thieves,AMER,5.764705882352941,17,6.0,6
Boostio,2025,100 Thieves,AMER,5.375,8,4.333333333333333,3
Brave,2024,BBL Esports,EMEA,6.1,10,3.0,2
BuZz,2024,DRX,PAC,10.8125,16,8.75,8
Buzz,2025,T1,PAC,8.1875,16,11.4375,16
Buzz,2026,T1,PAC,10.0,8,10.222222222222221,9
C0M,2024,LEVIATÁN,AMER,6.352941176470588,17,5.3076923076923075,13
C0M,2025,LEVIATÁN,AMER,5.6923076923076925,13,6.333333333333333,3
C0M,2026,Evil Geniuses,AMER,1.5,4,4.8,5
C1ndeR,2026,VARREL,PAC,3.4,5,2.6666666666666665,3
CHICHOO,2025,Edward Gaming,CN,5.5,10,10.142857142857142,7
CHICHOO,2026,EDward Gaming,CN,9.9,10,7.222222222222222,9
CLZ,2025,Zeta Division,PAC,5.2,10,1.5,2
Caedye,2026,Detonation FocusMe,PAC,9.0,6,6.0,7
Cauanzin,2025,LOUD,AMER,5.3,10,7.75,4
Cauanzin,2026,LOUD,AMER,4.833333333333333,6,2.3333333333333335,3
Chronicle,2024,FNATIC,EMEA,8.368421052631579,19,6.7,10
Chronicle,2025,FNATIC,EMEA,9.058823529411764,17,10.058823529411764,17
Chronicle,2026,Team Vitality,EMEA,9.11111111111111,9,9.666666666666666,6
Click,2025,Gentle Mates,EMEA,4.6,5,9.5,4
Cloud,2024,GIANTX,EMEA,5.2,10,9.5,2
Cloud,2025,GIANTX,EMEA,6.5625,16,6.875,8
Coco,2026,Titan Esports Club,CN,7.0,8,7.5,4
Coconut,2025,Xi Lai Gaming,CN,5.875,8,1.8,5
Comeback,2026,Team Heretics,EMEA,5.75,4,7.333333333333333,6
Cortezia,2025,MIBR,AMER,8.428571428571429,14,7.142857142857143,14
Cortezia,2026,Sentinels,AMER,9.0,5,4.25,4
Crashies,2025,FNATIC,EMEA,8.882352941176471,17,7.823529411764706,17
Crashies,2026,FNATIC,EMEA,6.285714285714286,7,8.857142857142858,7
CrazyGuy,2025,Rex Regum Qeon,PAC,7.3,20,2.6,5
Crewen,2026,BBL Esports,EMEA,5.333333333333333,6,7.0,7
Crws,2024,TALON,?,4.071428571428571,14,2.2,5
Crws,2025,TALON,?,6.0588235294117645,17,3.0,4
Cryocells,2024,100 Thieves,AMER,9.117647058823529,17,8.0,6
Cryocells,2025,100 Thieves,AMER,9.625,16,10.666666666666666,3
Cryocells,2026,100 Thieves,AMER,8.333333333333334,9,9.375,8
DH,2025,T1,PAC,7.888888888888889,9,6.333333333333333,3
Dambi,2025,Nongshim RedForce,PAC,8.928571428571429,14,9.2,5
Dambi,2026,Nongshim RedForce,PAC,8.833333333333334,6,14.5,8
Darker,2026,LOUD,AMER,7.0,6,3.3333333333333335,3
Demon1,2024,NRG,?,6.166666666666667,6,8.0,3
Demon1,2025,LEVIATÁN,AMER,6.0,5,6.0,5
Demon1,2026,ENVY,AMER,6.2,5,12.333333333333334,3
Dep,2024,ZETA DIVISION,PAC,7.7,10,6.8,5
Dep,2025,Zeta Division,PAC,7.4,10,4.5,2
Derke,2024,FNATIC,EMEA,9.421052631578947,19,7.8,10
Derke,2025,Team Vitality,EMEA,7.166666666666667,12,13.375,8
Derke,2026,Team Vitality,EMEA,10.777777777777779,9,10.833333333333334,6
Derrek,2024,Evil Geniuses,AMER,5.6,10,7.5,2
Derrek,2025,Evil Geniuses,AMER,6.142857142857143,14,5.0,3
Deryeon,2024,BLEED,?,3.9,10,7.0,2
Dos9,2025,BOOM Esports,?,7.166666666666667,12,4.5,2
Dos9,2026,Karmine Corp,EMEA,6.0,5,8.0,4
Dynamite,2026,Titan Esports Club,CN,6.125,8,7.75,4
Eggsterr,2026,ENVY,AMER,4.4,5,6.8,5
Elite,2024,BBL Esports,EMEA,7.4,10,5.5,2
Elite,2025,Karmine Corp,EMEA,6.9,10,6.333333333333333,3
Enzo,2024,Team Liquid,EMEA,4.454545454545454,11,2.6666666666666665,3
Erv,2026,TYLOO,CN,7.333333333333333,9,8.142857142857142,7
Estrella,2024,Rex Regum Qeon,PAC,5.0,10,5.5,2
Estrella,2025,DRX,PAC,4.928571428571429,14,8.75,4
Ethan,2024,NRG,?,6.6,10,7.666666666666667,3
Ethan,2026,NRG Esports,AMER,6.777777777777778,9,6.769230769230769,13
Ezeir,2026,Nova Esports,CN,3.2,5,2.3333333333333335,3
Famouz,2025,BOOM Esports,?,7.416666666666667,12,9.0,2
Favian,2026,Eternal Fire,EMEA,8.555555555555555,9,4.5,4
FengF,2025,Trace Esports,CN,5.833333333333333,6,0.0,2
Filu,2025,KOI,EMEA,5.3,10,7.0,2
Filu,2026,Natus Vincere,EMEA,6.6,5,6.4,5
Fit1nho,2024,GIANTX,EMEA,4.9,10,5.0,2
Flashback,2024,DRX,PAC,11.0,9,7.5,8
Flashback,2025,DRX,PAC,8.3,10,9.533333333333333,15
Flex1n,2025,Dragon Ranger Gaming,CN,8.0,9,3.5,2
Flex1n,2026,Dragon Ranger Gaming,CN,6.181818181818182,11,4.8,5
Flickless,2025,GIANTX,EMEA,7.538461538461538,13,4.6,5
Flickless,2026,GIANTX,EMEA,7.4,5,6.2,5
Flyuh,2025,KOI,EMEA,4.5,10,3.0,2
Foxy9,2024,DRX,PAC,7.75,16,6.375,8
Foxy9,2025,Gen.G,PAC,9.0,13,8.6,10
Francis,2025,Nongshim RedForce,PAC,8.142857142857142,14,10.4,5
Francis,2026,Nongshim RedForce,PAC,9.166666666666666,6,11.375,8
Free1ng,2025,DRX,PAC,7.25,16,8.733333333333333,15
Free1ng,2026,DRX,PAC,6.5,8,7.833333333333333,6
GLYPH,2026,Gentle Mates,EMEA,5.142857142857143,7,7.333333333333333,9
GREEN,2026,Nova Esports,CN,1.8,5,5.333333333333333,3
Gobera,2025,ENVY,AMER,4.2,10,3.0,2
Governor,2024,TALON,?,5.785714285714286,14,5.4,5
Governor,2025,Apeks,?,1.8,5,4.75,4
Grubinho,2025,GIANTX,EMEA,6.75,16,4.714285714285714,7
Grubinho,2026,GIANTX,EMEA,5.0,5,4.8,5
GuanG,2026,Nova Esports,CN,2.6,5,6.0,3
Gyen,2025,Detonation FocusMe,PAC,4.181818181818182,11,5.25,4
HYUNMIN,2025,DRX,PAC,10.625,16,10.6,15
HYUNMIN,2026,DRX,PAC,8.5,8,10.0,6
Haodong,2026,Titan Esports Club,CN,4.5,8,7.75,4
Happywei,2025,Xi Lai Gaming,CN,10.25,8,4.8,5
INVY,2025,Team Secret,PAC,7.1,10,4.5,2
Ivy,2025,Nongshim RedForce,PAC,6.5,14,10.4,5
Ivy,2026,Nongshim RedForce,PAC,7.5,6,11.5,8
Jamppi,2024,Team Liquid,EMEA,4.454545454545454,11,5.666666666666667,3
Jamppi,2025,BBL Esports,EMEA,7.611111111111111,18,6.75,4
Jamppi,2026,Team Vitality,EMEA,8.555555555555555,9,7.666666666666667,6
Jawgemo,2025,G2 Esports,AMER,11.526315789473685,19,10.105263157894736,19
Jemkin,2024,Rex Regum Qeon,PAC,8.181818181818182,11,10.5,2
Jemkin,2025,Rex Regum Qeon,PAC,12.4,20,10.0,9
Jemkin,2026,Rex Regum Qeon,PAC,10.75,8,11.6,5
JessieVash,2024,Team Secret,PAC,6.75,12,5.6,5
JessieVash,2025,Team Secret,PAC,5.0,6,9.5,2
Jessievash,2026,Team Secret,PAC,3.4,5,4.0,3
Jieni7,2025,Edward Gaming,CN,7.0,6,5.5,2
Jinboong,2025,Detonation FocusMe,PAC,3.6363636363636362,11,6.25,4
Jinggg,2024,Paper Rex,PAC,9.235294117647058,17,6.833333333333333,6
Jinggg,2025,Paper Rex,PAC,11.470588235294118,17,9.6875,16
Jinggg,2026,Paper Rex,PAC,12.0,10,8.4,15
JitBoyS,2024,TALON,?,6.285714285714286,14,5.0,5
JitboyS,2025,TALON,?,7.176470588235294,17,6.25,4
Jitboys,2026,FULL SENSE,PAC,8.11111111111111,9,4.6,5
JohnQT,2025,Sentinels,AMER,7.9411764705882355,17,6.928571428571429,14
JohnQT,2026,Sentinels,AMER,5.0,5,11.0,4
JonahP,2024,G2 Esports,AMER,6.944444444444445,18,6.333333333333333,15
JonahP,2025,G2 Esports,AMER,8.68421052631579,19,7.947368421052632,19
Jremy,2024,Team Secret,PAC,8.583333333333334,12,8.4,5
Jremy,2025,Team Secret,PAC,5.6,5,7.0,2
Juicy,2025,Wolves Esports,CN,3.2,5,8.285714285714286,7
K1ra,2026,All Gamers,CN,6.4,10,9.0,7
KROSTALY,2026,FUT Esports,EMEA,5.25,8,4.333333333333333,3
Kaajak,2025,FNATIC,EMEA,12.117647058823529,17,11.0,17
Kaajak,2026,FNATIC,EMEA,10.142857142857142,7,9.0,7
Kada,2025,Gentle Mates,EMEA,4.8,5,6.75,4
Kai,2025,Trace Esports,CN,9.333333333333334,6,1.5,2
Kai,2026,Trace Esports,CN,7.375,8,6.8,5
Kamo,2025,Team Liquid,EMEA,10.0,17,9.176470588235293,17
Kamyk,2025,Gentle Mates,EMEA,7.4,10,8.090909090909092,11
Karon,2024,Gen.G,PAC,9.0,18,8.523809523809524,21
Karon,2025,Gen.G,PAC,9.2,15,9.6,10
Karon,2026,Gen.G,PAC,6.8,5,9.5,4
Keiko,2025,Team Liquid,EMEA,11.058823529411764,17,10.588235294117647,17
Keiko,2026,NRG Esports,AMER,9.11111111111111,9,9.76923076923077,13
KellyS,2025,Global Esports,PAC,4.1,10,5.0,3
Keznit,2025,KR Esports,?,9.384615384615385,13,8.8,5
Keznit,2026,ENVY,AMER,7.8,5,7.8,5
Khalil,2024,FURIA,AMER,4.6,10,2.5,2
Khalil,2025,FURIA,AMER,2.4,5,4.5,2
Kicks,2024,Team Vitality,EMEA,5.733333333333333,15,6.75,8
Kicks,2025,Team Vitality,EMEA,5.5,12,8.25,8
Killua,2026,FULL SENSE,PAC,7.444444444444445,9,7.0,5
Klaus,2024,KRÜ Esports,AMER,5.555555555555555,9,3.5,2
Klaus,2026,VARREL,PAC,5.0,5,6.333333333333333,3
Knight,2025,Bilibili Gaming,CN,10.666666666666666,9,3.6,5
Knight,2026,Bilibili Gaming,CN,7.4,5,7.6,5
Koalanoob,2025,Natus Vincere,EMEA,7.375,8,5.5,2
Kr1stal,2025,Global Esports,PAC,5.2,10,6.666666666666667,3
Kr1stal,2026,Global Esports,PAC,5.0,9,7.5,6
Kushy,2025,Rex Regum Qeon,PAC,7.7,20,8.222222222222221,9
Kushy,2026,Rex Regum Qeon,PAC,5.625,8,8.8,5
Lakia,2024,Gen.G,PAC,6.555555555555555,18,6.476190476190476,21
Lakia,2026,Gen.G,PAC,5.8,5,4.5,4
Lar0k,2026,BBL Esports,EMEA,5.166666666666667,6,10.857142857142858,7
Laz,2024,ZETA DIVISION,PAC,7.6,10,4.6,5
Leaf,2025,G2 Esports,AMER,13.25,12,10.947368421052632,19
Leo,2024,FNATIC,EMEA,9.363636363636363,11,5.0,4
Less,2024,LOUD,AMER,6.545454545454546,11,9.666666666666666,9
Less,2025,Team Vitality,EMEA,7.166666666666667,12,9.25,8
Leviathan,2026,FULL SENSE,PAC,6.666666666666667,9,5.6,5
Levius,2025,Bilibili Gaming,CN,7.666666666666667,9,4.0,5
LewN,2025,BBL Esports,EMEA,10.222222222222221,18,7.5,4
LewN,2026,Karmine Corp,EMEA,6.8,5,10.0,4
Life,2026,FunPlus Phoenix,CN,6.363636363636363,11,2.0,3
Lightningfast,2024,Global Esports,PAC,4.5,10,2.0,3
Lmemore,2024,Rex Regum Qeon,PAC,7.181818181818182,11,6.0,2
Loita,2026,BBL Esports,EMEA,3.5,6,8.857142857142858,7
Lovers rock,2026,BBL Esports,EMEA,5.166666666666667,6,11.714285714285714,7
Lukxo,2026,LOUD,AMER,8.333333333333334,6,5.666666666666667,3
Luok1ng,2025,Trace Esports,CN,5.5,6,0.0,2
Lysoar,2025,Wolves Esports,CN,5.0,5,5.714285714285714,7
Lysoar,2026,Xi Lai Gaming,CN,8.727272727272727,11,8.666666666666666,6
MAGNUM,2024,Karmine Corp,EMEA,4.3076923076923075,13,6.9,10
MOLSI,2025,Apeks,?,4.8,10,2.5,2
MaKo,2024,DRX,PAC,8.75,16,7.125,8
MaKo,2025,DRX,PAC,8.625,16,8.466666666666667,15
MaKo,2026,DRX,PAC,7.875,8,7.833333333333333,6
Margaret,2025,Nongshim RedForce,PAC,9.833333333333334,6,8.0,5
Marteen,2025,Karmine Corp,EMEA,11.25,12,8.666666666666666,3
Marteen,2026,Gentle Mates,EMEA,8.857142857142858,7,14.88888888888889,9
Marved,2024,NRG,?,6.166666666666667,6,7.0,3
Mazino,2024,LEVIATÁN,AMER,9.176470588235293,17,5.846153846153846,13
Mazino,2025,KR Esports,?,6.384615384615385,13,8.2,5
Mazino,2026,MIBR,AMER,3.857142857142857,7,9.6,5
Medusa,2024,DetonatioN FocusMe,PAC,4.1,10,2.5,2
Meiy,2024,DetonatioN FocusMe,PAC,7.3,10,6.0,2
Meiy,2025,Detonation FocusMe,PAC,7.7272727272727275,11,10.5,4
Meiy,2026,Detonation FocusMe,PAC,11.333333333333334,6,7.857142857142857,7
Melser,2024,KRÜ Esports,AMER,6.5,16,4.4,5
Melser,2025,KR Esports,?,6.0,13,9.6,5
Meteor,2024,Gen.G,PAC,8.555555555555555,18,9.904761904761905,21
Meteor,2025,T1,PAC,7.75,16,10.5,16
Meteor,2026,T1,PAC,6.625,8,9.444444444444445,9
MiniBoo,2024,Team Heretics,EMEA,8.058823529411764,17,9.642857142857142,14
Miniboo,2025,Team Heretics,EMEA,10.625,16,6.0,11
Miniboo,2026,Team Liquid,EMEA,7.714285714285714,7,9.090909090909092,11
Minny,2025,Gentle Mates,EMEA,6.6,10,8.25,4
Minny,2026,Gentle Mates,EMEA,6.0,7,10.555555555555555,9
Mistic,2024,Team Liquid,EMEA,4.2727272727272725,11,6.0,3
Mitch,2025,Cloud9,AMER,6.4375,16,4.0,3
Monyet,2024,Rex Regum Qeon,PAC,6.5,6,6.333333333333333,9
Monyet,2025,Rex Regum Qeon,PAC,8.9,20,7.222222222222222,9
Monyet,2026,Rex Regum Qeon,PAC,7.0,8,8.4,5
MrFaliN,2024,FUT Esports,EMEA,6.6,15,4.7272727272727275,11
MrFalin,2025,FUT Esports,EMEA,5.615384615384615,13,5.25,4
Munchkin,2024,Gen.G,PAC,7.833333333333333,18,7.238095238095238,21
Munchkin,2025,Gen.G,PAC,8.0,15,8.9,10
Munchkin,2026,T1,PAC,5.75,8,7.666666666666667,9
N4RRATE,2024,Karmine Corp,EMEA,6.846153846153846,13,11.0,10
N4RRATE,2025,Sentinels,AMER,9.411764705882353,17,7.642857142857143,14
N4RRATE,2026,Sentinels,AMER,3.4,5,5.5,4
NDG,2024,Team Secret,PAC,5.714285714285714,7,5.4,5
NINJA,2026,PCIFIC Esports,EMEA,4.6,5,5.0,3
Nats,2025,Team Liquid,EMEA,11.529411764705882,17,8.235294117647058,17
NaturE,2024,Evil Geniuses,AMER,4.1,10,3.5,2
NaturE,2025,Evil Geniuses,AMER,5.642857142857143,14,5.333333333333333,3
NcSlasher,2025,BOOM Esports,?,5.25,12,3.5,2
NeT,2025,Cloud9,AMER,6.25,16,5.333333333333333,3
Neon,2026,LEVIATÁN,AMER,12.333333333333334,9,7.666666666666667,3
Nephh,2025,Bilibili Gaming,CN,9.333333333333334,9,4.8,5
Nephh,2026,Bilibili Gaming,CN,9.2,5,9.142857142857142,7
Nicc,2025,Dragon Ranger Gaming,CN,7.555555555555555,9,5.0,2
Nicc,2026,Dragon Ranger Gaming,CN,6.2727272727272725,11,5.8,5
NoMan,2025,Xi Lai Gaming,CN,6.875,8,7.0,3
NoMan,2026,Xi Lai Gaming,CN,7.0,11,8.666666666666666,6
Nobody,2025,Edward Gaming,CN,7.8,10,7.0,7
OXY,2024,Cloud9,AMER,9.5,12,6.333333333333333,3
OXY,2025,Cloud9,AMER,10.1875,16,8.333333333333334,3
OXY,2026,Cloud9,AMER,8.2,5,8.6,5
Okeanos,2026,Evil Geniuses,AMER,4.0,4,6.2,5
P0PPIN,2026,ENVY,AMER,5.0,5,5.0,5
PROFEK,2025,BBL Esports,EMEA,8.944444444444445,18,8.5,4
PROFEK,2026,Team Vitality,EMEA,7.555555555555555,9,6.666666666666667,6
PaTiTek,2025,Team Liquid,EMEA,7.647058823529412,17,5.705882352941177,17
Papi,2025,Global Esports,PAC,3.7,10,7.0,3
Patmen,2025,Paper Rex,PAC,8.333333333333334,15,7.153846153846154,13
Patmen,2026,Global Esports,PAC,8.11111111111111,9,12.0,6
Penny,2026,Cloud9,AMER,5.666666666666667,3,7.428571428571429,7
Persia,2025,Nongshim RedForce,PAC,7.214285714285714,14,10.0,5
Polvi,2024,Global Esports,PAC,5.9,10,3.6666666666666665,3
Primmie,2025,TALON,?,9.411764705882353,17,9.0,4
Primmie,2026,FULL SENSE,PAC,11.444444444444445,9,11.4,5
Purp0,2025,GIANTX,EMEA,4.0,4,8.333333333333334,3
QutionerX,2024,BBL Esports,EMEA,6.9,10,4.5,2
Rarga,2025,Xi Lai Gaming,CN,8.625,8,5.2,5
Rarga,2026,Xi Lai Gaming,CN,8.636363636363637,11,10.5,6
Rb,2026,Nongshim RedForce,PAC,5.5,6,9.75,8
Redgar,2024,GIANTX,EMEA,4.125,8,3.5,2
Reduxx,2026,Sentinels,AMER,9.0,5,6.25,4
RgLMeister,2024,MIBR,AMER,1.2,5,6.6,5
RieNs,2024,Team Heretics,EMEA,7.588235294117647,17,8.695652173913043,23
RieNs,2026,Team Heretics,EMEA,10.636363636363637,11,6.166666666666667,6
Riens,2025,Team Heretics,EMEA,9.6875,16,6.636363636363637,11
RobbieBK,2025,LOUD,AMER,4.4,5,3.75,4
Rossy,2024,T1,PAC,6.916666666666667,12,7.2,5
Rossy,2026,ENVY,AMER,7.4,5,7.2,5
RunneR,2025,GIANTX,EMEA,3.75,4,5.0,3
Rushia,2025,Bilibili Gaming,CN,10.666666666666666,9,4.4,5
Russ,2024,Global Esports,PAC,4.6,10,3.0,3
Ruxic,2025,Natus Vincere,EMEA,10.352941176470589,17,6.5,2
Ruxic,2026,Natus Vincere,EMEA,8.8,5,7.8,5
SSeeS,2024,DetonatioN FocusMe,PAC,3.4,10,3.5,2
SSeeS,2026,Detonation FocusMe,PAC,4.333333333333333,6,4.428571428571429,7
SUYGETSU,2024,Natus Vincere,EMEA,5.5,12,6.0,3
SUYGETSU,2025,Karmine Corp,EMEA,9.666666666666666,12,8.666666666666666,3
SUYGETSU,2026,Karmine Corp,EMEA,4.4,5,7.25,4
Saadhak,2025,Karmine Corp,EMEA,5.833333333333333,12,7.0,3
Sacy,2024,Sentinels,AMER,4.7272727272727275,11,6.35,20
Sato,2026,LEVIATÁN,AMER,10.333333333333334,9,6.8,5
Sayaplayer,2024,T1,PAC,7.571428571428571,14,7.6,5
Sayf,2024,Team Vitality,EMEA,9.4,15,7.375,8
Sayf,2025,Team Vitality,EMEA,4.714285714285714,7,8.875,8
Scales,2026,TYLOO,CN,6.666666666666667,9,7.857142857142857,7
Serial,2025,Team Liquid,EMEA,6.444444444444445,9,7.0,3
Setrod,2026,FunPlus Phoenix,CN,5.6,5,3.0,3
ShadoW,2024,KOI,EMEA,4.4,10,4.2,5
Shao,2024,Natus Vincere,EMEA,6.166666666666667,12,7.0,3
Shao,2025,Natus Vincere,EMEA,7.235294117647059,17,8.0,2
Sheydos,2025,KOI,EMEA,3.6,5,2.5,2
Shiro,2025,BOOM Esports,?,5.333333333333333,12,3.5,2
Shr1mp,2026,All Gamers,CN,6.8,10,7.857142857142857,7
Shyy,2024,KRÜ Esports,AMER,7.25,16,5.4,5
Shyy,2025,KR Esports,?,7.0,13,10.2,5
SiuFatBB,2026,Wolves Esports,CN,2.8,5,5.6,5
SiufatBB,2025,Wolves Esports,CN,2.4,5,5.142857142857143,7
Skuba,2025,NRG Esports,AMER,8.9,10,11.333333333333334,6
Smoggy,2025,Edward Gaming,CN,6.3,10,8.428571428571429,7
SociablEE,2026,Natus Vincere,EMEA,7.125,8,4.6,5
Sociablee,2025,BBL Esports,EMEA,9.055555555555555,18,10.25,4
Something,2025,Paper Rex,PAC,10.411764705882353,17,9.25,16
Soulcas,2025,KOI,EMEA,5.0,5,5.5,2
Spike,2026,LEVIATÁN,AMER,9.88888888888889,9,4.6,5
SpiritZ1,2025,Dragon Ranger Gaming,CN,9.333333333333334,9,7.0,2
SpiritZ1,2026,Dragon Ranger Gaming,CN,7.909090909090909,11,7.0,5
Spring,2025,Wolves Esports,CN,5.0,5,10.428571428571429,7
Spring,2026,Wolves Esports,CN,5.6,5,6.8,5
Stax,2025,T1,PAC,5.875,16,7.25,16
Stax,2026,T1,PAC,6.75,8,7.777777777777778,9
SugarZ3ro,2024,ZETA DIVISION,PAC,6.4,10,3.2,5
SugarZ3ro,2025,Zeta Division,PAC,6.8,10,3.0,2
SugarZ3ro,2026,ZETA DIVISION,PAC,4.6,5,5.5,4
Supamen,2025,Evil Geniuses,AMER,5.928571428571429,14,5.333333333333333,3
Sylvan,2025,T1,PAC,5.571428571428571,7,8.88888888888889,9
Sylvan,2026,Team Secret,PAC,7.6,5,2.0,3
SyouTa,2026,ZETA DIVISION,PAC,5.2,5,3.5,4
Syouta,2025,Zeta Division,PAC,5.0,5,3.0,2
T3xture,2025,Gen.G,PAC,10.466666666666667,15,12.6,10
TakaS,2024,Gentle Mates,EMEA,4.5,10,8.0,2
TenZ,2024,Sentinels,AMER,6.818181818181818,11,9.15,20
Tex,2026,MIBR,AMER,4.714285714285714,7,7.2,5
Timotino,2026,100 Thieves,AMER,7.555555555555555,9,8.75,8
Trent,2025,G2 Esports,AMER,11.473684210526315,19,10.0,19
Trexx,2025,Team Liquid,EMEA,10.0,8,7.454545454545454,11
Udotan,2025,Global Esports,PAC,7.3,10,7.333333333333333,3
Udotan,2026,Global Esports,PAC,6.444444444444445,9,10.166666666666666,6
Valyn,2025,G2 Esports,AMER,10.894736842105264,19,8.578947368421053,19
Veqaj,2026,FNATIC,EMEA,9.0,3,10.428571428571429,7
Verno,2025,MIBR,AMER,7.285714285714286,14,6.818181818181818,11
Verno,2026,MIBR,AMER,4.571428571428571,7,9.4,5
Victor,2024,NRG,?,7.0,10,8.666666666666666,3
Viva,2025,Xi Lai Gaming,CN,6.375,8,3.2,5
Viva,2026,Trace Esports,CN,3.625,8,5.4,5
Vo0kashu,2026,Dragon Ranger Gaming,CN,8.727272727272727,11,9.2,5
Vora,2026,100 Thieves,AMER,4.777777777777778,9,7.125,8
Wailers,2024,Gentle Mates,EMEA,3.7,10,3.0,2
Westside,2025,GIANTX,EMEA,7.5,16,5.75,8
Westside,2026,GIANTX,EMEA,6.8,5,5.6,5
Whzy,2025,Bilibili Gaming,CN,12.444444444444445,9,6.6,5
Wild0reoo,2025,Team Secret,PAC,3.6,10,3.5,2
Wo0t,2024,Team Heretics,EMEA,9.0,14,8.647058823529411,17
Wo0t,2025,Team Heretics,EMEA,10.375,16,6.363636363636363,11
Wo0t,2026,Team Heretics,EMEA,10.636363636363637,11,5.166666666666667,6
WsLeo,2026,Xi Lai Gaming,CN,8.454545454545455,11,7.0,6
Xdll,2025,Zeta Division,PAC,7.1,10,2.0,2
Xdll,2026,ZETA DIVISION,PAC,3.4,5,4.75,4
Xenom,2025,MIBR,AMER,7.214285714285714,14,6.214285714285714,14
Xeppaa,2024,Cloud9,AMER,4.916666666666667,12,4.666666666666667,3
Xeppaa,2025,Cloud9,AMER,7.25,16,8.666666666666666,3
Xeppaa,2026,Cloud9,AMER,4.6,5,8.0,7
Xeus,2025,FUT Esports,EMEA,8.23076923076923,13,10.5,4
Xffero,2025,Rex Regum Qeon,PAC,8.45,20,5.666666666666667,9
Xffero,2026,Rex Regum Qeon,PAC,8.125,8,8.8,5
Xross,2026,Nongshim RedForce,PAC,8.5,6,11.0,8
XuNa,2026,VARREL,PAC,5.0,5,7.0,3
Yatsuka,2026,Detonation FocusMe,PAC,4.5,6,6.0,7
Yay,2025,Evil Geniuses,AMER,8.714285714285714,14,4.333333333333333,3
Yetujey,2025,FUT Esports,EMEA,7.230769230769231,13,9.25,4
Yetujey,2026,FUT Esports,EMEA,7.75,8,4.333333333333333,3
Yoman,2025,Global Esports,PAC,4.0,5,8.8,5
Yuicaw,2025,Wolves Esports,CN,2.2,5,6.0,7
Yuicaw,2026,JD Mall JDG Esports,CN,4.888888888888889,9,10.0,6
Zander,2025,100 Thieves,AMER,6.4375,16,5.666666666666667,3
Zekken,2025,Sentinels,AMER,11.588235294117647,17,9.714285714285714,14
Zekken,2026,MIBR,AMER,7.142857142857143,7,10.0,5
Zellsis,2024,Sentinels,AMER,5.545454545454546,11,7.1,20
Zellsis,2025,Sentinels,AMER,7.588235294117647,17,6.714285714285714,14
Zellsis,2026,Cloud9,AMER,3.2,5,5.0,7
Zexy,2026,VARREL,PAC,4.6,5,8.0,3
ZmjjKK,2026,EDward Gaming,CN,11.2,10,8.222222222222221,9
Zmjjkk,2025,Edward Gaming,CN,9.1,10,9.428571428571429,7
ZynX,2026,Gen.G,PAC,3.0,3,9.0,4
Zyppan,2024,Natus Vincere,EMEA,5.833333333333333,12,10.0,3
Zyppan,2025,Gentle Mates,EMEA,2.8,5,6.0,4
al0rante,2026,PCIFIC Esports,EMEA,4.8,5,8.0,3
alfajer,2025,FNATIC,EMEA,10.0,17,11.875,16
ambitioN,2024,LOUD,AMER,4.0,6,8.333333333333334,9
ara,2025,GIANTX,EMEA,9.461538461538462,13,7.4,5
ara,2026,GIANTX,EMEA,7.8,5,5.4,5
ardiis,2024,Natus Vincere,EMEA,6.333333333333333,12,9.666666666666666,3
artzin,2024,MIBR,AMER,4.5,10,7.6,5
artzin,2026,FURIA,AMER,7.142857142857143,7,9.0,6
aspas,2024,LEVIATÁN,AMER,13.058823529411764,17,9.0,13
aspas,2025,MIBR,AMER,10.428571428571429,14,12.214285714285714,14
aspas,2026,MIBR,AMER,6.142857142857143,7,10.0,5
audaz,2026,Eternal Fire,EMEA,7.555555555555555,9,4.25,4
ban,2024,TALON,?,5.714285714285714,14,4.0,5
ban,2025,Global Esports,PAC,5.8,5,6.25,4
bang,2024,100 Thieves,AMER,7.176470588235294,17,6.5,6
bang,2025,Sentinels,AMER,9.470588235294118,17,6.571428571428571,14
bang,2026,100 Thieves,AMER,7.444444444444445,9,7.75,8
benjyfishy,2024,Team Heretics,EMEA,8.823529411764707,17,8.043478260869565,23
benjyfishy,2025,Team Heretics,EMEA,8.8125,16,4.818181818181818,11
beyAz,2024,Gentle Mates,EMEA,3.6,10,1.0,2
bipo,2026,Gentle Mates,EMEA,5.857142857142857,7,9.0,9
blaZek1ng,2024,Global Esports,PAC,4.7,10,3.3333333333333335,3
blowz,2026,LEVIATÁN,AMER,8.333333333333334,9,4.8,5
brawk,2025,NRG Esports,AMER,8.375,16,12.166666666666666,6
brawk,2026,NRG Esports,AMER,10.333333333333334,9,7.615384615384615,13
cNed,2024,FUT Esports,EMEA,8.333333333333334,15,6.181818181818182,11
cNed,2026,PCIFIC Esports,EMEA,4.4,5,4.0,3
carpe,2024,T1,PAC,5.583333333333333,12,6.8,5
cauanzin,2024,LOUD,AMER,6.636363636363637,11,8.666666666666666,9
ceNder,2024,Team Vitality,EMEA,5.666666666666667,15,4.875,8
cloud,2026,GIANTX,EMEA,4.6,5,7.4,5
coconut,2026,JD Mall JDG Esports,CN,4.888888888888889,9,5.333333333333333,6
crashies,2024,NRG,?,5.6,10,5.666666666666667,3
crazyguy,2024,BLEED,?,3.0,4,4.0,2
crazyguy,2026,Rex Regum Qeon,PAC,6.625,8,7.2,5
d4v41,2024,Paper Rex,PAC,9.176470588235293,17,6.266666666666667,15
d4v41,2025,Paper Rex,PAC,9.588235294117647,17,8.4375,16
d4v41,2026,Paper Rex,PAC,9.0,10,8.933333333333334,15
delb,2026,Trace Esports,CN,7.375,8,7.6,5
dgzin,2025,LOUD,AMER,7.8,5,10.5,4
dgzin,2026,Evil Geniuses,AMER,7.4,5,10.4,5
eeiu,2024,100 Thieves,AMER,7.823529411764706,17,6.0,6
eeiu,2025,100 Thieves,AMER,6.75,16,9.666666666666666,3
eeiu,2026,FURIA,AMER,5.714285714285714,7,9.5,6
eko,2026,ZETA DIVISION,PAC,4.4,5,5.5,4
ethan,2025,NRG Esports,AMER,7.125,16,8.222222222222221,9
f0rsakeN,2024,Paper Rex,PAC,8.823529411764707,17,7.333333333333333,15
f0rsaken,2025,Paper Rex,PAC,11.0,17,9.625,16
f0rsaken,2026,Paper Rex,PAC,9.8,10,10.0,15
f4ngeer,2026,All Gamers,CN,8.9,10,10.428571428571429,7
finesse,2025,NRG Esports,AMER,3.3333333333333335,6,3.3333333333333335,3
fl1pzjder,2024,Rex Regum Qeon,PAC,3.8,5,4.5,2
florescent,2025,Apeks,?,8.8,5,10.0,2
frz,2024,MIBR,AMER,2.4,5,6.8,5
grubinho,2024,KOI,EMEA,6.3,10,4.4,5
happywei,2026,Xi Lai Gaming,CN,10.545454545454545,11,13.5,6
havoc,2024,FURIA,AMER,3.8,10,3.0,2
havoc,2025,FURIA,AMER,3.2,5,3.5,2
heat,2024,KRÜ Esports,AMER,7.625,16,7.666666666666667,3
heat,2025,FURIA,AMER,1.5,10,2.5,2
hiro,2024,FNATIC,EMEA,8.75,8,5.166666666666667,6
hiro,2025,Natus Vincere,EMEA,8.882352941176471,17,4.5,2
hiro,2026,Natus Vincere,EMEA,9.2,5,9.8,5
hiroronn,2024,ZETA DIVISION,PAC,5.1,10,4.4,5
hoody,2024,GIANTX,EMEA,4.6,10,4.5,2
iZu,2024,T1,PAC,7.857142857142857,14,6.8,5
iZu,2025,T1,PAC,8.0625,16,9.9375,16
iZu,2026,T1,PAC,8.875,8,11.11111111111111,9
iamgrq,2026,All Gamers,CN,5.9,10,8.142857142857142,7
icy,2024,G2 Esports,AMER,7.111111111111111,18,5.7,10
icy,2025,Evil Geniuses,AMER,6.928571428571429,14,5.666666666666667,3
invy,2024,Team Secret,PAC,7.916666666666667,12,8.8,5
invy,2026,Paper Rex,PAC,8.6,10,8.866666666666667,15
jawgemo,2024,Evil Geniuses,AMER,6.5,10,6.5,2
jawgemo,2026,G2 Esports,AMER,8.8,10,10.333333333333334,12
jkuro,2026,JD Mall JDG Esports,CN,4.333333333333333,9,7.833333333333333,6
johnqt,2024,Sentinels,AMER,5.7272727272727275,11,7.4,20
jowa,2026,Wolves Esports,CN,2.2,5,7.4,5
jzz,2024,MIBR,AMER,2.6,5,7.4,5
kamo,2024,KOI,EMEA,6.3,10,5.4,5
kamo,2026,Team Liquid,EMEA,7.714285714285714,7,8.818181818181818,11
keiko,2024,Team Liquid,EMEA,6.454545454545454,11,8.0,3
kellyS,2026,Team Secret,PAC,6.2,5,4.666666666666667,3
keznit,2024,KRÜ Esports,AMER,8.5,16,8.2,5
kiNgg,2024,LEVIATÁN,AMER,9.470588235294118,17,6.615384615384615,13
kingg,2025,LEVIATÁN,AMER,7.0,13,9.0,3
kingg,2026,LEVIATÁN,AMER,8.0,9,6.4,5
koalanoob,2026,FURIA,AMER,4.714285714285714,7,11.333333333333334,6
kon4n,2024,FURIA,AMER,1.4,5,2.0,2
leaf,2024,G2 Esports,AMER,8.38888888888889,18,7.533333333333333,15
leaf,2026,G2 Esports,AMER,7.9,10,9.5,12
lenne,2024,TALON,?,1.75,4,3.6666666666666665,3
liazzi,2024,MIBR,AMER,4.4,5,2.0,2
logaN,2024,Gentle Mates,EMEA,3.6,5,3.5,2
lucas,2026,Titan Esports Club,CN,7.125,8,7.25,4
lz,2025,ENVY,AMER,4.7,10,1.5,2
mada,2025,NRG Esports,AMER,9.625,16,13.222222222222221,9
mada,2026,NRG Esports,AMER,7.555555555555555,9,9.692307692307692,13
marteen,2024,Karmine Corp,EMEA,5.6923076923076925,13,8.9,10
mazin,2024,MIBR,AMER,1.9,10,3.8,5
mindfreak,2024,Paper Rex,PAC,7.411764705882353,17,6.133333333333334,15
mta,2024,KRÜ Esports,AMER,5.285714285714286,7,4.4,5
mwzera,2024,FURIA,AMER,4.8,10,6.0,2
nAts,2024,Team Liquid,EMEA,6.181818181818182,11,5.333333333333333,3
nAts,2026,Team Liquid,EMEA,7.142857142857143,7,9.0,11
nataNk,2024,Gentle Mates,EMEA,6.3,10,4.5,2
natank,2025,KOI,EMEA,4.6,5,6.666666666666667,3
nekky,2026,Eternal Fire,EMEA,7.111111111111111,9,4.25,4
nerve,2026,FURIA,AMER,4.142857142857143,7,6.333333333333333,6
neth,2024,DetonatioN FocusMe,PAC,3.3,10,1.5,2
nobody,2026,EDward Gaming,CN,6.8,10,5.111111111111111,9
oonzmlp,2026,VARREL,PAC,9.2,5,4.666666666666667,3
pAura,2024,BBL Esports,EMEA,4.1,10,3.5,2
paTiTek,2024,Team Heretics,EMEA,4.333333333333333,3,6.2,15
pancada,2025,LOUD,AMER,6.8,10,7.75,4
primmie,2024,TALON,?,5.333333333333333,3,5.5,2
pryze,2025,ENVY,AMER,3.2,10,-0.5,2
purp0,2026,Team Liquid,EMEA,6.571428571428571,7,6.818181818181818,11
qRaxs,2024,FUT Esports,EMEA,7.0,15,5.181818181818182,11
qRaxs,2025,FUT Esports,EMEA,6.0,13,6.5,4
qiutiaN,2026,Wolves Esports,CN,3.4,5,6.0,5
qpert,2026,PCIFIC Esports,EMEA,3.0,5,2.6666666666666665,3
raafa,2025,FURIA,AMER,0.8,5,1.5,2
reazy,2024,BBL Esports,EMEA,3.8,10,4.0,2
runneR,2024,Team Vitality,EMEA,6.133333333333334,15,6.375,8
rushia,2026,Bilibili Gaming,CN,7.0,5,9.142857142857142,7
s0m,2025,NRG Esports,AMER,8.125,16,9.222222222222221,9
sScary,2024,BLEED,?,6.0,10,5.0,2
saadhak,2024,LOUD,AMER,4.636363636363637,11,6.777777777777778,9
seven,2026,PCIFIC Esports,EMEA,5.6,5,8.333333333333334,3
sh1n,2024,Karmine Corp,EMEA,4.153846153846154,13,6.2,10
sheydos,2024,KOI,EMEA,5.8,10,4.2,5
silentzz,2025,ENVY,AMER,5.7,10,1.0,2
skuba,2026,NRG Esports,AMER,6.0,9,9.384615384615385,13
slowly,2026,TYLOO,CN,9.0,9,8.285714285714286,7
smoggy,2026,EDward Gaming,CN,10.7,10,6.444444444444445,9
something,2024,Paper Rex,PAC,9.176470588235293,17,7.933333333333334,15
something,2026,Paper Rex,PAC,12.7,10,8.733333333333333,15
splash,2026,TYLOO,CN,8.555555555555555,9,12.142857142857142,7
starxo,2024,KOI,EMEA,4.6,10,5.4,5
starxo,2026,Gentle Mates,EMEA,4.714285714285714,7,9.0,9
stax,2024,DRX,PAC,7.545454545454546,11,6.0,3
stew,2026,JD Mall JDG Esports,CN,6.222222222222222,9,9.5,6
supamen,2024,Evil Geniuses,AMER,5.5,10,7.5,2
supamen,2026,Evil Geniuses,AMER,4.0,5,7.4,5
sword9,2026,TYLOO,CN,4.222222222222222,9,6.857142857142857,7
t3xture,2024,Gen.G,PAC,10.166666666666666,18,10.714285714285714,21
t3xture,2026,Gen.G,PAC,8.6,5,9.25,4
tex,2024,LEVIATÁN,AMER,7.764705882352941,17,5.846153846153846,13
tex,2025,LEVIATÁN,AMER,5.769230769230769,13,7.333333333333333,3
tomaszy,2024,Karmine Corp,EMEA,6.076923076923077,13,5.9,10
tomaszy,2025,GIANTX,EMEA,1.3333333333333333,3,6.333333333333333,3
trent,2024,G2 Esports,AMER,7.555555555555555,18,5.933333333333334,15
trent,2026,G2 Esports,AMER,8.3,10,8.833333333333334,12
trexx,2024,Team Vitality,EMEA,8.2,15,7.666666666666667,3
tuyz,2024,LOUD,AMER,5.181818181818182,11,8.444444444444445,9
tuyz,2025,FURIA,AMER,1.8888888888888888,9,5.0,4
v1c,2025,Cloud9,AMER,8.3125,16,6.0,3
v1c,2026,Cloud9,AMER,5.5,4,8.285714285714286,7
v1nny,2025,LOUD,AMER,2.6666666666666665,3,5.25,4
valyn,2024,G2 Esports,AMER,8.166666666666666,18,5.866666666666666,15
valyn,2026,G2 Esports,AMER,9.9,10,9.166666666666666,12
vanity,2024,Cloud9,AMER,4.833333333333333,12,4.666666666666667,3
virtyy,2026,LOUD,AMER,4.5,6,2.6666666666666665,3
wayne,2026,Team Liquid,EMEA,5.714285714285714,7,7.6,10
whzy,2026,Bilibili Gaming,CN,8.6,5,10.857142857142858,7
xavi8k,2026,Global Esports,PAC,4.111111111111111,9,9.333333333333334,6
xccurate,2024,T1,PAC,6.357142857142857,14,7.8,5
xeus,2026,FUT Esports,EMEA,9.125,8,7.666666666666667,3
xffero,2024,Rex Regum Qeon,PAC,7.090909090909091,11,6.5,2
yay,2024,BLEED,?,3.8333333333333335,6,4.5,2
yetujey,2024,FUT Esports,EMEA,6.866666666666666,15,6.181818181818182,11
yosemite,2026,Wolves Esports,CN,4.8,5,8.4,5
yuran,2024,ZETA DIVISION,PAC,5.0,10,5.2,5
zekken,2024,Sentinels,AMER,7.636363636363637,11,11.3,20
zhe,2026,JD Mall JDG Esports,CN,7.222222222222222,9,7.666666666666667,6
