Player,Team,actual_ppg,games,Manual,Algo1_Combined,Algo2_v2
Marteen,Gentle Mates,8.2,5,15.0,15.0,15.0
Dambi,Nongshim RedForce,9.2,5,15.0,15.0,15.0
Kaajak,FNATIC,11.8,5,14.5,13.5,14.5
aspas,MIBR,6.6,5,14.5,8.5,15.0
mada,NRG Esports,7.2,5,14.5,12.5,14.0
Derke,Team Vitality,10.0,5,14.0,13.5,12.0
Alfajer,FNATIC,10.6,5,13.5,15.0,14.5
Primmie,FULL SENSE,11.6,5,13.5,11.0,13.0
jawgemo,G2 Esports,6.4,5,13.5,14.5,13.0
t3xture,Gen.G,8.6,5,13.5,13.0,12.5
Jinggg,Paper Rex,14.4,5,13.5,11.0,11.5
something,Paper Rex,12.0,5,13.5,12.0,11.5
Jemkin,Rex Regum Qeon,12.4,5,13.5,11.5,15.0
f0rsaken,Paper Rex,9.0,5,13.5,11.5,12.5
Lovers rock,BBL Esports,5.2,5,13.0,9.5,15.0
OXY,Cloud9,8.2,5,13.0,12.5,11.5
Meiy,Detonation FocusMe,12.2,5,13.0,10.0,9.0
HYUNMIN,DRX,8.6,5,13.0,13.5,13.0
Sato,LEVIATÁN,9.4,5,13.0,9.5,11.5
iZu,T1,10.8,5,13.0,14.0,13.5
leaf,G2 Esports,6.6,5,12.5,12.5,11.0
koalanoob,FURIA,6.0,5,12.5,9.5,14.0
Miniboo,Team Liquid,9.0,5,12.5,9.0,10.0
valyn,G2 Esports,8.4,5,12.5,12.5,10.0
Zekken,MIBR,7.4,5,12.5,10.0,13.0
Keiko,NRG Esports,7.6,5,12.5,13.5,14.5
Meteor,T1,7.2,5,12.0,12.0,12.5
Timotino,100 Thieves,7.6,5,12.0,11.0,9.5
Lar0k,BBL Esports,5.8,5,12.0,10.5,13.5
Francis,Nongshim RedForce,9.6,5,12.0,14.5,13.0
hiro,Natus Vincere,9.2,5,11.5,13.0,9.5
Chronicle,Team Vitality,6.6,5,11.5,13.0,12.0
invy,Paper Rex,8.4,5,11.5,11.0,11.0
BABYBAY,G2 Esports,9.8,5,11.5,12.5,11.0
Neon,LEVIATÁN,11.2,5,11.5,10.5,9.5
Comeback,Team Heretics,5.75,4,11.5,11.5,8.5
kamo,Team Liquid,8.4,5,11.5,9.5,8.5
Ruxic,Natus Vincere,8.8,5,11.5,10.5,11.0
d4v41,Paper Rex,8.6,5,11.0,12.5,11.5
nAts,Team Liquid,8.6,5,11.0,9.5,9.0
trent,G2 Esports,8.0,5,11.0,13.0,9.5
RieNs,Team Heretics,9.0,5,11.0,10.0,8.5
Keznit,ENVY,7.8,5,11.0,11.0,9.5
dgzin,Evil Geniuses,7.4,5,11.0,12.5,12.0
Autumn,Global Esports,5.4,5,11.0,12.0,12.0
Reduxx,Sentinels,9.0,5,11.0,12.0,6.5
Cryocells,100 Thieves,10.4,5,10.5,10.5,10.0
Minny,Gentle Mates,5.8,5,10.5,10.0,9.5
Wo0t,Team Heretics,7.6,5,10.5,9.5,8.5
xeus,FUT Esports,10.2,5,10.5,10.5,8.0
ara,GIANTX,7.8,5,10.5,7.5,8.5
LewN,Karmine Corp,6.8,5,10.5,14.0,12.0
Veqaj,FNATIC,9.0,3,10.5,13.5,11.5
Demon1,ENVY,6.2,5,10.0,14.5,9.5
Karon,Gen.G,6.8,5,10.0,12.5,11.0
Ivy,NOngshim RedForce,8.0,5,10.0,14.5,12.5
eeiu,FURIA,7.0,5,10.0,10.0,9.0
Xross,Nongshim RedForce,9.6,5,10.0,14.0,14.0
Sayonara,Team Vitality,7.2,5,10.0,9.0,8.0
Alym,FURIA,9.8,5,10.0,9.0,10.0
bipo,Gentle Mates,5.0,5,10.0,9.5,10.0
Patmen,Global Esports,9.6,5,10.0,14.0,10.0
Rb,Nongshim RedForce,5.6,5,10.0,13.0,12.5
Lukxo,LOUD,10.0,5,9.5,9.0,9.0
skuba,NRG Esports,5.4,5,9.5,14.0,13.5
Verno,MIBR,4.8,5,9.5,9.5,9.0
brawk,NRG Esports,8.4,5,9.5,10.0,10.0
Penny,Cloud9,5.666666666666667,3,9.5,11.0,7.5
Zexy,VARREL,4.6,5,9.5,8.0,8.5
Udotan,Global Esports,7.4,5,9.0,10.5,9.0
SUYGETSU,Karmine Corp,4.4,5,9.0,12.0,9.0
Crashies,FNATIC,7.4,5,9.0,13.5,10.0
ZynX,Gen.G,3.0,3,9.0,11.0,8.5
Filu,Natus Vincere,6.6,5,9.0,9.0,7.0
Mazino,MIBR,3.8,5,9.0,8.5,9.0
Monyet,Rex Regum Qeon,6.8,5,9.0,10.5,9.5
JohnQT,Sentinels,5.0,5,9.0,15.0,9.5
Westside,GIANTX,6.8,5,8.5,7.0,7.5
Less,KRÜ Esports,10.4,5,8.5,11.5,8.5
Xffero,Rex Regum Qeon,9.2,5,8.5,9.0,9.0
Cortezia,Sentinels,9.0,5,8.5,9.5,7.5
N4RRATE,Karmine Corp,3.4,5,8.5,10.5,9.0
Jamppi,Team Vitality,6.6,5,8.5,11.5,8.0
Yatsuka,Detonation FocusMe,3.8,5,8.5,9.0,7.5
virtyy,LOUD,5.0,5,8.5,7.0,5.0
eko,ZETA DIVISION,4.4,5,8.5,8.0,6.0
bang,100 Thieves,8.6,5,8.5,10.0,8.5
Loita,BBL Esports,4.0,5,8.5,9.5,11.0
MaKo,DRX,8.4,5,8.5,10.5,9.0
wayne,Team Liquid,6.0,5,8.5,10.0,8.5
PROFEK,Team Vitality,6.0,5,8.5,10.0,9.0
Spike,LEVIATÁN,8.2,5,8.0,8.5,6.0
Tex,MIBR,5.0,5,8.0,8.5,8.5
Asuna,100 Thieves,7.6,5,8.0,8.0,7.0
Killua,FULL SENSE,8.4,5,8.0,9.0,9.0
cloud,GIANTX,4.6,5,8.0,8.5,7.5
Avez,Karmine Corp,3.2,5,8.0,11.5,9.5
Kushy,Rex Regum Qeon,5.4,5,8.0,10.0,9.0
Okeanos,Evil Geniuses,4.0,4,8.0,9.0,7.5
v1c,Cloud9,5.5,4,8.0,11.5,9.5
artzin,FURIA,7.8,5,8.0,9.0,8.0
Dos9,Karmine Corp,6.0,5,8.0,12.5,8.0
kingg,LEVIATÁN,5.4,5,8.0,9.0,8.0
Crewen,BBL Esports,5.8,5,7.5,9.0,8.0
Free1ng,DRX,7.6,5,7.5,9.5,8.5
Jitboys,FULL SENSE,6.8,5,7.5,8.5,6.5
Yetujey,FUT Esports,7.4,5,7.5,8.5,7.5
Vora,100 Thieves,6.2,5,7.5,10.5,8.0
Xeppaa,Cloud9,4.6,5,7.5,12.0,8.0
starxo,Gentle Mates,4.6,5,7.5,11.5,8.0
Kr1stal,Global Esports,4.4,5,7.5,9.5,7.0
purp0,Team Liquid,7.6,5,7.5,9.5,7.5
XuNa,VARREL,5.0,5,7.5,7.5,7.0
Eggsterr,ENVY,4.4,5,7.5,9.0,8.5
Favian,Eternal Fire,9.8,5,7.5,7.5,5.5
cNed,PCIFIC Esports,4.4,5,7.5,6.0,7.0
kellyS,Team Secret,6.2,5,7.5,9.5,5.5
Rossy,ENVY,7.4,5,7.5,10.0,8.0
Leviathan,FULL SENSE,5.8,5,7.5,8.5,7.5
GLYPH,Gentle Mates,5.0,5,7.5,10.0,8.0
xavi8k,Global Esports,4.6,5,7.5,10.5,10.0
silentzz,KRÜ Esports,6.2,5,7.5,8.5,6.0
Munchkin,T1,7.2,5,7.5,12.0,9.5
nerve,FURIA,5.6,5,7.0,8.5,7.5
Klaus,VARREL,5.0,5,7.0,7.0,7.0
Flickless,GIANTX,7.4,5,7.0,8.5,7.5
blowz,LEVIATÁN,7.4,5,7.0,9.0,6.0
seven,PCIFIC Esports,5.6,5,7.0,8.0,10.0
Stax,T1,6.0,5,7.0,12.5,8.5
Absol,ZETA DIVISION,7.8,5,7.0,7.5,5.5
Boaster,FNATIC,8.0,5,7.0,9.5,6.0
Ash,Gen.G,7.5,4,7.0,10.5,7.5
Grubinho,GIANTX,5.0,5,7.0,6.5,7.0
crazyguy,Rex Regum Qeon,7.4,5,7.0,8.0,7.0
Boo,Team Heretics,6.4,5,7.0,10.0,6.5
Bao,Evil Geniuses,3.2,5,6.5,10.5,7.5
al0rante,PCIFIC Esports,4.8,5,6.5,8.5,8.5
Akame,Detonation FocusMe,8.0,5,6.5,9.0,7.0
P0PPIN,ENVY,5.0,5,6.5,10.0,6.0
nekky,Eternal Fire,5.8,5,6.5,8.0,5.5
mwzera,KRÜ Esports,8.4,5,6.5,6.0,5.5
Darker,LOUD,8.4,5,6.5,7.5,5.5
audaz,Eternal Fire,6.6,5,6.5,8.5,5.5
supamen,Evil Geniuses,4.0,5,6.5,9.5,7.5
oonzmlp,VARREL,9.2,5,6.5,6.5,6.0
SugarZ3ro,ZETA DIVISION,4.6,5,6.5,9.0,7.5
Zellsis,Cloud9,3.2,5,6.0,9.5,7.5
SyouTa,ZETA DIVISION,5.2,5,6.0,7.0,5.0
C0M,Evil Geniuses,1.5,4,6.0,8.0,6.5
SSeeS,Detonation FocusMe,4.6,5,6.0,8.0,5.5
Saadhak,KRÜ Esports,9.2,5,6.0,9.0,7.0
BerserX,Team Secret,4.0,5,5.5,7.0,6.5
Lakia,Gen.G,5.8,5,5.5,9.0,7.0
NINJA,PCIFIC Esports,4.6,5,5.5,7.0,6.5
Xdll,ZETA DIVISION,3.4,5,5.5,7.0,7.5
Jessievash,Team Secret,3.4,5,5.0,8.5,5.5
qpert,PCIFIC Esports,3.0,5,5.0,6.5,5.0
Sylvan,Team Secret,7.6,5,5.0,6.5,6.0
C1ndeR,VARREL,3.4,5,5.0,6.0,5.0
